year,technology,household,institutional,institutions,gender,conflict,equation,across,hypothesis,market,elite,https,support,using,life,range,marital,person,religion,child,service,men,father,news,characteristics,integration,regression,personality,employment,health,labor,democracy,schooling,related,relative,direct,outcomes,race,occupational,quality,control,socioeconomic,relationships,method,state,england,number,particular,stratification,black,membership,section,ability,church,age,welfare,france,cultural,poor,items,working,movements,statistics,racial,actors,average,density,central,role,family,positions,source,interaction,parsons,tax,blacks,soviet,area,capital,japan,difference,sexual,experience,index,community,employed,levels,sociologists,male,model,groups,structural,analysis,college,alienation,reports,inequality,work,models,books,culture,exchange,steel,significance,factor,field,science,archive,union,findings,form,names,occupations,structure,males,modern,housework,persons,view,scientists,city,government,social,indicates,research,families,cohort,workers,achievement,attitude,parents,distribution,variation,job,measures,psychological,relation,ties,party,organizational,failure,policy,scores,economy,weber,crime,sector,hospital,association,measure,world,time,special,cambridge,account,human,authority,old,school,reader,legal,prestige,point,personal,beliefs,force,students,task,issues,analyses,estimates,washington,risk,birth,poverty,approach,hours,wage,period,arrest,education,status,expected,delinquency,changes,london,police,negative,order,countries,meeting,problem,training,categories,value,relationship,foundation,goals,place,schools,due,sociology,solidarity,data,theories,segregation,program,justice,treatment,unemployment,paperbound,religious,independent,early,office,variance,suicide,scale,prejudice,network,values,relations,low,patients,rates,group,attendance,behavior,population,variable,professional,differences,national,political,crowding,student,policies,man,criminal,production,scientific,fertility,urban,pattern,private,patterns,indicated,south,percent,nations,movement,content,classes,individual,citizenship,war,attitudes,politics,systems,subjects,rights,collective,impact,conditions,actor,international,negro,strategies,public,decline,society,sciences,variables,influence,edited,metropolitan,protest,forms,violence,female,participation,unions,history,reported,members,historical,evidence,power,include,class,sex,system,staff,mass,networks,firms,elites,mobility,effect,statistical,educational,wages,psychology,nature,business,rank,organizations,theoretical,reference,action,standard,chicago,coefficients,census,concept,opinion,cities,awol,extent,competition,committee,knowledge,married,societies,free,occupation,earnings,information,economic,response,mental,change,major,children,council,deviant,empirical,ethnic,single,durkheim,medical,authors,events,respondents,language,white,path,development,women,observed,position,industry,local,articles,causal,survey,general,america,reviews,positive,corporate,whites,problems,company,people,marriage,theory,growth,dependent,sense,jobs,industrial,expectations,organization,resources,individuals,law,wife,test,attainment,computer,migration,effects,level,adjustment,income,rural,process,neighborhoods,foreign,investment,hardship,neighborhood
1950,0,0,0,0,0,0,0,0,0,0,0,0,0,0,458,0,0,0,0,0,0,233,0,0,0,0,0,276,0,287,280,0,0,0,0,0,0,0,0,0,387,0,0,216,487,0,622,0,0,0,219,0,0,0,415,0,0,326,0,0,0,0,266,0,0,0,0,0,0,660,0,0,0,0,0,0,0,396,0,239,0,0,0,0,506,0,0,239,0,0,615,0,625,519,0,0,0,844,0,0,301,0,0,0,0,372,449,0,0,0,223,0,0,417,0,0,0,363,0,0,358,235,3161,0,1164,273,0,343,0,0,0,0,0,0,0,0,0,0,0,0,0,0,0,0,0,0,0,0,248,0,348,576,229,0,0,367,0,0,0,0,0,0,298,0,0,0,301,0,0,0,0,0,0,0,0,0,0,0,246,0,232,482,0,0,0,0,0,0,313,0,231,474,0,0,223,0,0,0,216,0,0,839,0,730,0,0,250,0,0,0,0,0,0,0,237,0,0,0,0,0,270,409,0,0,0,818,0,433,687,0,0,246,313,349,0,0,0,227,0,0,0,0,230,0,0,0,0,0,0,0,0,0,218,371,0,382,0,0,0,0,0,0,0,0,0,252,271,0,389,0,1003,0,0,0,0,0,0,0,0,0,0,0,236,0,502,0,0,404,0,735,0,362,284,0,0,0,0,0,0,0,0,0,236,0,0,0,0,0,0,0,0,223,0,314,0,223,0,0,0,0,482,226,0,0,0,0,0,221,468,0,0,219,233,371,0,0,0,0,0,0,0,0,0,0,0,234,0,259,242,0,219,0,0,0,0,229,535,0,0,0,0,0,680,0,392,389,430,0,0,0,0,236,0,352,0,0,0,0,0,0,0,0,0,329,0,0,0,0,0,0,0,0,0
1951,0,0,0,0,0,0,0,0,0,0,0,0,271,0,566,0,0,274,0,381,387,610,0,0,0,0,0,384,0,0,425,0,0,0,0,0,0,0,0,0,359,0,0,264,524,0,626,0,0,0,0,0,0,0,584,0,0,457,0,0,0,0,0,0,0,0,0,0,348,701,0,0,0,0,0,0,0,341,0,0,0,0,0,0,444,0,0,301,0,0,891,0,666,535,0,0,0,1114,0,0,573,0,0,0,0,505,655,282,0,0,0,0,0,343,0,0,0,337,281,0,294,0,4112,0,1821,0,0,0,0,0,0,0,0,0,0,0,0,0,0,0,0,0,0,0,0,0,0,0,530,0,461,728,262,0,0,534,0,0,374,0,0,0,388,322,0,0,623,0,0,0,0,0,0,0,0,0,0,0,326,0,348,424,0,322,0,0,0,0,298,0,0,418,0,0,364,0,0,0,271,0,0,1209,0,658,0,0,0,0,0,0,0,0,0,0,0,0,0,0,0,0,476,525,0,0,0,1458,0,677,476,0,0,316,297,441,0,0,0,378,0,0,303,0,0,0,0,0,0,0,0,0,0,0,0,519,0,308,288,0,0,0,0,0,0,427,0,0,272,0,415,0,1306,0,0,0,0,0,0,0,0,0,0,0,322,0,556,0,0,316,0,498,268,373,0,0,0,0,0,0,0,0,0,0,449,279,0,0,0,0,0,0,0,286,0,0,269,0,0,258,0,0,418,0,0,0,0,0,0,478,557,0,0,302,0,430,283,0,0,0,0,0,0,0,0,0,0,0,0,401,439,0,280,0,0,0,0,0,585,0,0,0,0,0,747,0,507,692,577,0,0,0,0,269,0,312,0,0,0,0,265,0,0,0,0,415,409,0,0,329,0,0,0,0,0
1952,0,0,0,0,0,0,0,0,271,0,0,0,0,0,520,0,0,275,0,286,0,385,0,0,0,0,0,363,0,0,0,0,0,313,0,0,0,0,0,0,0,0,0,0,502,0,955,287,0,0,0,0,0,0,414,0,0,366,0,344,0,0,0,0,0,282,0,0,361,1137,0,0,0,0,0,0,0,419,0,0,0,0,0,273,692,0,0,276,0,0,935,0,865,465,0,0,0,906,0,0,442,0,0,0,350,346,438,0,0,289,273,0,0,393,0,0,0,461,0,0,452,0,3252,0,1455,364,0,346,0,0,0,0,0,0,0,0,0,0,0,0,0,0,317,0,0,0,0,0,0,0,312,629,0,0,0,373,0,0,402,0,0,0,350,260,0,0,442,0,0,0,0,0,0,0,0,0,0,0,0,0,331,703,0,0,0,0,0,0,319,0,0,385,0,289,294,367,0,0,0,0,0,1007,0,887,0,0,0,0,0,0,0,0,0,0,0,0,0,418,0,0,0,521,0,0,0,1548,0,722,850,0,0,458,0,341,0,0,0,299,0,0,0,323,452,0,0,328,0,0,0,0,0,0,0,549,0,0,428,0,0,0,0,0,0,319,0,0,315,0,461,0,995,0,0,0,0,0,0,0,0,0,304,0,0,0,535,0,270,0,0,486,327,395,0,0,0,0,0,0,0,298,0,0,290,0,0,0,0,0,0,0,0,302,0,0,0,360,0,0,0,0,358,0,0,0,0,0,0,311,438,0,0,451,268,773,0,0,0,0,0,0,0,292,0,0,0,354,0,337,413,0,0,0,0,0,0,0,694,0,0,0,0,0,538,0,529,464,759,0,0,0,0,0,0,362,0,0,0,0,262,0,0,0,0,375,0,0,466,0,0,0,0,0,0
1953,0,0,0,0,0,0,0,0,0,0,0,0,284,0,403,291,0,0,0,0,436,369,0,0,0,0,0,277,0,0,0,0,0,0,0,0,0,0,0,0,276,0,0,296,403,0,742,0,0,0,0,0,0,0,509,0,0,371,0,0,0,0,0,0,0,0,0,0,402,910,0,0,0,0,0,0,0,461,0,0,0,0,0,0,603,0,0,0,0,0,834,0,620,574,0,0,0,858,0,0,450,0,0,0,0,380,467,260,0,259,254,0,0,397,0,0,0,427,0,0,345,0,3254,0,1398,295,0,0,0,265,261,0,0,0,0,0,0,0,0,0,0,0,0,0,0,0,0,0,440,0,289,632,0,0,0,361,0,283,295,0,0,0,353,357,0,0,624,0,0,0,0,0,0,0,0,0,0,0,263,0,307,930,0,0,0,0,0,0,358,0,0,494,0,0,288,305,0,0,0,0,0,903,0,867,0,0,0,0,0,0,0,255,0,0,0,0,0,269,0,0,287,495,0,0,0,1341,0,628,633,0,0,342,0,0,0,335,0,0,0,0,0,0,388,393,0,0,0,0,0,0,0,283,0,501,0,0,254,0,0,0,0,0,0,384,0,0,348,0,350,0,885,0,0,0,0,0,0,0,0,0,0,0,0,0,701,0,0,0,0,693,0,527,0,0,0,0,0,0,0,0,0,0,274,0,0,0,0,0,263,333,0,257,0,335,0,0,0,0,0,0,281,0,0,0,0,0,0,479,452,0,0,349,292,339,0,0,0,0,0,0,0,263,0,0,0,357,0,327,371,0,317,0,0,0,0,0,630,0,0,0,0,0,550,0,440,468,547,0,0,0,0,0,0,372,0,259,0,0,0,0,0,275,0,382,253,0,0,282,0,0,0,0,0
1954,0,0,0,0,0,0,0,0,328,0,0,0,0,0,384,0,0,335,0,0,0,449,0,0,0,0,0,339,0,0,0,0,0,282,0,0,0,0,426,0,0,0,0,333,445,0,791,0,0,0,0,0,0,0,365,0,0,0,0,0,0,0,0,0,0,0,0,0,632,767,0,0,326,0,0,0,0,402,0,0,265,0,0,0,609,0,0,0,0,0,1347,0,676,486,0,0,0,1018,0,0,294,0,0,0,0,407,604,0,0,329,0,0,0,466,0,0,0,573,282,0,418,0,3424,0,1460,0,0,328,0,0,0,0,0,259,0,0,0,0,0,0,0,0,388,0,0,0,0,0,0,0,403,613,0,0,0,365,0,0,318,0,0,0,368,0,0,0,381,0,0,0,0,0,0,0,0,0,0,0,0,0,334,767,0,0,0,0,0,0,346,0,0,497,0,0,0,356,0,0,0,0,0,887,0,1005,0,0,0,0,0,0,0,0,0,0,0,0,0,274,0,0,299,504,398,0,291,2066,0,673,809,0,0,413,0,334,0,0,0,387,0,0,0,0,282,285,0,0,0,0,0,0,0,0,0,630,0,0,370,0,0,358,0,0,0,326,0,0,314,0,261,0,730,0,0,0,0,0,0,0,0,0,0,0,0,0,652,0,273,0,0,649,0,423,0,0,0,0,0,262,0,0,0,0,313,0,0,0,0,0,338,0,0,0,0,282,0,276,0,0,267,0,0,0,0,0,0,0,0,367,414,0,0,490,327,293,0,0,283,0,0,0,0,272,0,0,0,274,0,322,0,0,304,0,0,0,0,0,626,0,0,0,0,0,671,268,449,450,705,0,0,0,0,0,0,359,0,300,0,0,443,0,0,298,0,421,0,0,281,336,0,0,0,0,0
1955,0,0,0,0,0,0,0,0,0,0,0,0,300,0,451,0,0,0,0,326,0,385,0,0,0,0,0,405,0,0,336,0,0,266,0,0,0,0,450,0,0,0,0,0,518,0,722,0,0,0,283,0,0,0,577,0,0,291,0,0,0,0,0,0,0,0,0,0,490,873,0,0,0,0,0,0,290,485,0,0,0,0,0,0,720,0,0,302,0,0,870,0,997,439,0,0,0,1047,0,0,418,0,0,0,389,420,587,0,0,305,0,0,0,455,0,0,0,493,295,0,436,0,3176,0,1490,0,0,344,0,0,0,0,0,0,0,0,0,0,0,0,0,0,0,0,0,0,0,0,385,0,316,494,0,0,0,441,0,0,421,0,0,0,310,0,0,0,407,0,0,0,0,0,0,0,0,0,0,0,0,0,507,728,0,0,0,0,0,0,277,0,0,386,320,0,0,355,267,0,0,0,0,947,0,1012,0,0,0,0,0,0,0,0,0,0,0,0,0,0,0,0,0,498,279,0,0,1126,0,711,836,0,397,392,394,314,0,0,0,328,0,0,0,0,476,0,0,0,0,0,0,0,0,0,0,390,0,0,266,0,0,0,0,0,0,297,0,0,0,0,374,0,1120,347,286,0,0,291,0,0,0,0,0,0,0,0,530,0,0,0,0,556,0,387,0,0,0,0,0,476,0,0,0,0,0,0,0,0,0,0,0,0,0,398,0,293,0,0,0,0,0,0,377,0,0,0,0,0,0,424,462,0,0,415,304,549,298,0,0,0,0,0,0,300,0,0,0,0,0,395,0,0,270,0,0,0,0,286,623,0,0,0,0,0,693,266,468,324,564,0,0,0,0,279,0,435,0,0,0,0,354,0,0,0,0,470,340,0,304,339,0,0,0,0,0
1956,0,0,0,0,0,0,0,0,0,0,0,0,0,0,707,0,0,0,0,0,326,438,0,0,0,0,0,313,0,367,306,0,0,0,0,0,0,0,469,0,0,0,0,0,639,0,781,0,0,0,0,0,0,0,419,0,0,391,0,0,0,0,0,0,0,0,0,0,413,722,0,0,0,0,0,0,0,503,0,0,0,0,0,0,734,0,0,346,0,0,1001,0,1240,519,0,0,0,1140,0,0,417,0,0,0,0,523,645,0,0,314,0,0,0,477,0,0,0,458,326,0,349,343,4137,0,1881,0,0,433,0,0,0,0,0,0,0,298,0,0,0,0,0,0,0,0,0,0,0,0,433,0,343,660,0,0,0,530,0,0,426,0,0,0,385,0,0,0,411,0,0,0,0,0,0,0,0,298,0,0,0,0,632,949,0,0,321,0,0,0,325,0,0,438,0,0,382,428,0,0,296,0,0,1122,0,917,0,0,0,0,0,0,0,0,0,0,0,0,0,0,0,0,542,561,349,0,0,1251,0,725,899,0,0,512,414,566,0,0,0,319,0,0,0,0,525,0,0,304,0,0,0,0,0,0,0,493,0,0,401,0,0,0,0,0,0,314,0,0,0,0,549,0,1286,0,303,0,0,0,0,0,0,0,0,0,304,0,533,0,0,360,0,643,0,428,0,0,0,0,0,332,0,0,0,0,304,340,0,0,0,0,0,0,0,361,0,0,0,0,0,0,0,0,573,0,0,0,0,0,0,414,732,0,390,498,400,433,301,0,0,0,0,0,0,375,0,0,0,0,0,489,0,0,397,0,0,0,0,0,697,0,0,0,0,0,818,0,555,340,680,314,0,0,0,340,0,428,0,0,0,0,0,0,0,0,0,602,0,320,0,357,0,0,0,0,0
1957,0,0,0,0,0,0,0,0,325,0,0,0,358,0,571,310,0,0,0,0,312,333,0,0,0,0,0,0,0,359,0,0,0,309,0,0,0,0,500,0,0,0,0,0,552,0,686,0,0,0,0,0,0,0,498,0,0,279,0,0,0,0,0,0,0,0,0,0,473,761,0,0,0,0,0,0,0,432,0,0,295,0,0,0,696,0,0,486,0,0,818,0,976,390,0,0,0,990,0,0,329,0,0,0,0,365,953,0,0,315,0,0,0,415,0,0,0,385,0,0,333,0,3668,0,1735,0,0,0,0,0,0,0,0,0,0,0,0,0,0,0,0,0,0,0,0,0,0,0,547,0,437,544,0,0,0,405,0,0,450,0,0,0,338,0,0,0,519,0,0,0,0,0,0,0,0,296,0,0,0,0,534,739,0,0,339,0,0,0,328,0,0,477,0,0,374,393,0,0,0,0,0,1146,0,1075,0,0,0,0,0,0,0,307,0,0,0,0,0,0,0,0,433,520,0,0,0,1102,0,593,835,0,285,528,414,518,0,0,0,328,0,0,314,0,493,0,0,0,0,0,0,0,0,0,0,415,0,0,0,0,0,0,0,0,0,398,0,0,0,0,389,0,1206,398,435,0,0,0,0,0,0,0,0,0,357,0,599,0,0,0,0,682,0,477,0,0,0,0,0,359,0,275,0,0,275,304,0,0,0,324,0,0,0,342,0,0,0,0,0,0,0,0,524,0,0,0,0,0,0,478,608,0,0,461,318,453,340,0,294,0,0,0,367,416,0,0,0,0,0,480,0,0,0,0,0,0,0,0,604,0,0,0,0,0,783,0,389,392,895,308,0,0,0,0,0,404,0,0,0,0,284,0,0,0,0,443,0,0,512,353,0,0,0,0,0
1958,0,0,0,0,0,0,0,0,0,0,0,0,0,0,562,0,0,0,0,0,289,0,0,0,0,0,0,0,0,429,0,0,0,0,0,0,0,0,270,0,291,0,0,0,602,0,592,284,0,0,0,0,0,0,361,0,0,292,0,0,0,0,0,0,0,0,0,0,458,714,0,0,0,0,0,0,0,360,0,0,0,0,0,0,796,0,0,418,0,0,650,0,961,580,0,282,0,1077,0,0,422,0,0,0,0,460,602,0,0,283,0,0,0,681,0,275,0,429,341,0,615,0,3675,0,1628,0,0,307,0,0,0,0,0,0,0,0,0,0,0,0,0,0,0,0,0,0,0,0,417,0,336,552,0,0,0,467,0,0,502,0,0,0,332,0,0,0,533,0,0,0,0,0,0,0,0,0,0,0,270,0,589,851,0,0,0,0,0,0,324,0,0,424,0,0,0,354,0,0,0,0,0,1132,0,843,0,0,297,0,0,0,0,0,0,0,0,0,0,0,0,0,324,514,0,314,0,882,0,584,754,0,299,304,453,627,0,0,0,308,0,0,0,0,490,0,0,0,278,0,0,0,0,0,0,369,0,0,0,0,0,0,0,0,0,0,0,0,0,0,526,0,1356,0,272,0,0,0,0,0,0,0,0,0,330,0,565,0,309,615,0,556,0,422,0,0,0,0,0,375,0,0,0,0,305,310,0,0,0,0,0,422,0,314,0,342,0,0,311,0,0,0,537,273,0,0,0,0,0,369,538,0,380,482,401,0,379,0,0,309,0,0,317,369,0,0,0,273,0,395,0,0,0,0,301,0,0,336,690,0,0,0,0,0,788,0,365,463,818,0,0,0,0,0,0,498,0,0,0,0,0,0,0,0,0,398,0,0,0,0,0,0,0,0,0
1959,0,0,0,0,0,0,0,0,0,0,0,0,356,0,716,333,0,0,326,0,322,343,0,0,0,0,0,371,0,431,451,0,0,0,0,0,0,0,396,0,342,0,0,0,644,0,563,0,0,0,0,0,0,0,469,0,0,482,0,0,0,0,0,0,0,0,0,0,360,788,0,0,0,0,0,0,0,319,0,0,0,0,0,0,731,0,0,444,0,0,754,0,1075,513,0,330,0,1431,0,0,436,0,0,0,0,481,691,0,0,342,308,0,0,753,0,0,0,433,433,0,355,0,4432,0,1742,0,0,510,0,0,0,0,0,0,0,0,0,0,0,0,0,0,321,0,0,0,0,0,514,0,518,624,0,0,0,482,0,0,498,0,0,0,460,0,0,0,541,0,0,0,0,0,0,0,0,0,0,0,0,0,529,837,0,0,0,0,0,0,418,0,0,510,0,0,393,341,0,365,0,0,0,1393,0,993,0,0,0,0,0,0,0,0,0,0,0,0,0,327,0,0,670,570,0,0,0,958,0,1040,760,0,331,430,363,786,0,0,0,431,0,0,0,0,0,0,0,0,0,0,0,0,0,0,0,539,0,0,0,0,0,0,0,0,0,456,0,0,311,0,414,0,1451,0,317,0,0,0,0,0,0,0,0,0,373,0,534,0,0,404,0,1006,0,629,0,0,0,0,0,401,0,0,0,0,309,0,0,0,0,0,0,0,0,0,0,398,0,0,0,0,0,0,347,0,0,0,386,0,0,626,623,0,437,400,445,420,0,346,0,0,0,423,0,443,0,0,0,313,0,547,0,0,320,0,0,0,0,320,737,0,0,0,0,0,940,0,528,0,1021,0,0,0,0,0,0,628,0,0,0,0,0,0,0,0,0,335,0,0,0,0,0,0,0,0,0
1960,0,0,0,0,0,0,0,0,411,0,0,0,434,0,683,0,0,0,0,0,365,395,0,0,0,0,0,0,0,382,0,0,0,352,0,0,0,0,530,0,387,0,0,0,674,0,620,0,0,0,0,0,0,0,541,0,0,439,0,0,0,0,0,0,0,0,0,367,750,1317,0,0,0,0,0,0,0,489,0,0,0,0,0,0,899,0,0,444,0,0,807,0,1156,595,0,0,0,1412,0,0,555,0,0,0,353,509,780,0,351,358,0,0,0,755,0,422,0,515,405,0,651,0,4986,0,1793,0,0,0,0,0,0,0,0,0,0,0,0,0,0,0,0,0,0,0,0,0,0,0,827,0,473,799,0,0,0,482,0,0,594,0,0,0,406,0,0,0,712,0,0,0,0,0,0,0,0,0,0,0,0,0,701,892,0,0,470,0,0,0,448,0,0,559,0,0,428,380,0,0,0,0,0,1626,0,1060,0,0,0,0,0,0,0,0,0,0,0,0,0,0,0,0,568,611,0,0,0,1355,0,670,1106,0,427,439,482,758,0,0,0,476,0,0,398,0,570,357,0,0,0,0,0,0,0,0,0,610,0,0,378,0,431,0,0,0,0,356,0,0,0,0,599,0,1350,0,0,0,0,0,0,0,0,0,0,0,428,0,692,0,0,589,0,656,0,1151,0,0,0,0,0,664,0,0,0,0,356,0,0,0,0,0,0,373,0,0,0,0,0,435,0,0,0,0,488,0,0,0,355,0,0,497,691,0,356,811,478,0,0,0,0,0,0,0,0,365,0,0,0,0,0,550,0,0,0,0,0,0,0,0,887,0,0,0,0,0,827,0,528,422,1061,0,0,0,0,446,0,552,0,0,403,0,0,0,0,0,0,0,0,403,396,412,0,0,0,0,0
1961,0,0,0,0,0,0,0,0,0,0,0,0,404,0,712,354,0,0,0,0,472,542,0,0,0,0,0,0,0,449,378,0,0,0,0,0,0,0,384,0,427,0,0,0,656,0,721,341,384,0,0,0,0,0,580,0,0,417,0,0,0,0,0,0,0,0,0,0,570,1087,0,0,0,0,0,0,0,365,0,0,0,0,0,0,928,0,0,434,0,0,860,0,1143,539,0,0,0,1480,0,0,423,0,0,0,0,531,694,0,0,368,0,0,0,726,0,0,0,388,456,0,368,0,4236,0,1763,368,0,0,0,0,0,0,0,0,0,0,0,0,0,0,0,0,0,0,0,0,0,364,922,0,443,867,0,0,0,508,0,0,605,0,0,0,401,0,0,0,656,0,0,0,0,0,0,0,0,0,0,0,0,0,629,1011,0,381,412,0,0,0,422,0,0,463,0,0,412,385,0,0,0,0,0,1292,0,1087,0,0,0,0,347,0,0,0,0,0,0,0,0,0,0,0,577,627,508,0,0,1222,0,829,709,0,483,476,579,661,0,0,0,515,0,0,0,0,0,0,0,0,0,0,0,0,0,0,0,501,0,0,404,0,0,0,0,0,0,447,0,0,0,0,440,0,1225,0,476,0,0,0,0,342,0,0,0,0,399,0,472,0,0,466,0,911,0,700,0,0,0,0,0,622,0,0,0,0,0,349,0,0,348,0,0,0,0,0,0,0,0,0,0,0,0,0,571,357,0,0,0,0,0,637,609,0,381,701,502,545,354,0,0,0,0,0,514,404,0,0,0,0,0,473,0,0,409,0,0,0,0,0,732,0,0,0,0,0,833,0,494,0,943,0,0,0,0,0,0,746,0,0,0,0,0,0,0,0,0,418,0,0,0,450,0,0,0,0,0
1962,0,0,0,0,0,0,0,0,420,0,0,0,483,0,573,372,0,0,422,0,0,0,0,0,389,0,0,0,0,477,0,0,0,375,0,0,0,0,646,0,372,0,351,0,616,0,830,0,0,0,0,0,0,0,457,0,0,0,0,0,0,0,0,0,0,0,0,0,443,778,0,0,0,0,0,0,0,633,0,0,0,0,0,0,976,0,0,403,0,0,880,0,1023,514,355,410,0,1340,0,0,354,0,0,0,0,383,673,0,0,569,0,0,0,760,0,0,0,574,369,0,610,0,4583,0,1975,0,0,0,593,0,0,0,0,0,0,0,0,0,0,0,0,0,0,0,0,0,0,0,1081,0,421,636,0,0,0,389,0,0,471,0,0,0,388,0,0,0,619,0,0,0,0,0,0,0,0,0,0,0,0,0,695,998,0,0,0,0,0,0,379,0,0,392,0,0,395,560,0,0,0,0,0,1438,0,1275,0,0,0,0,0,0,0,477,0,0,0,0,0,0,0,0,403,565,493,0,0,1247,0,939,987,0,0,513,521,871,0,0,0,356,0,0,0,0,525,0,0,0,0,0,0,0,0,0,0,457,0,0,0,0,0,0,0,0,0,402,0,0,0,0,499,0,1199,0,653,443,0,0,0,0,0,0,0,0,0,0,562,0,0,662,0,654,0,576,0,433,0,0,0,370,0,0,0,0,0,0,365,0,0,0,0,0,0,0,0,0,0,411,0,0,0,0,549,421,0,0,0,0,0,711,609,0,474,567,456,426,0,0,369,0,0,0,0,353,0,389,0,0,0,581,0,0,0,0,0,0,0,0,803,0,0,0,0,0,803,0,518,452,1148,0,0,0,0,365,0,614,0,0,0,0,355,0,0,0,0,559,0,445,0,392,0,0,0,0,0
1963,0,0,0,0,0,0,0,0,0,0,0,0,379,0,667,0,0,0,0,0,0,437,0,0,0,0,0,0,0,594,0,0,0,366,0,0,0,0,0,0,401,0,0,0,697,0,751,0,0,0,0,373,0,0,440,0,0,375,0,0,0,0,0,0,0,0,0,0,689,934,0,0,0,382,0,0,0,389,0,0,0,0,0,0,787,0,0,552,0,0,1168,0,1160,735,0,0,0,1550,0,0,0,0,0,0,369,0,774,0,0,399,378,0,0,664,0,0,0,372,416,0,424,0,5077,0,1759,376,0,367,392,0,0,0,0,0,0,0,0,0,0,0,0,0,0,0,0,0,0,0,875,0,493,738,0,0,0,473,0,0,720,0,0,0,493,0,0,0,655,0,0,0,0,0,0,0,0,0,0,0,0,0,719,1168,0,0,373,0,0,0,549,0,0,523,0,0,486,403,0,0,0,0,0,1671,0,1116,0,0,0,0,0,0,0,0,0,0,0,0,0,0,0,0,645,579,445,0,0,1328,0,839,566,0,0,596,522,1145,0,374,0,415,0,0,0,0,395,0,0,0,372,0,0,0,0,0,0,624,0,0,0,0,445,0,0,0,0,419,0,0,0,0,517,0,1328,0,492,0,0,0,0,0,0,0,0,0,409,0,548,0,0,425,0,1008,0,824,0,0,0,0,0,524,0,0,0,0,0,0,0,0,0,366,0,655,0,408,0,0,0,0,0,0,0,0,628,0,0,409,398,0,0,530,602,0,675,821,544,435,404,0,0,0,0,0,0,401,0,0,0,0,0,715,0,0,473,0,0,0,0,0,748,0,0,0,0,0,838,0,641,0,1192,0,0,0,0,0,0,509,0,377,431,0,0,0,0,0,0,447,0,0,0,470,0,0,0,0,0
1964,364,0,0,0,0,0,0,0,0,0,0,479,566,0,753,449,0,0,0,0,496,479,0,0,0,0,0,0,0,396,0,0,0,0,0,0,0,0,364,0,0,0,0,0,771,0,683,0,0,0,0,0,0,0,548,0,0,530,0,0,0,0,0,0,0,0,0,0,488,1110,0,365,396,0,0,0,0,378,0,0,0,0,0,0,811,0,0,509,0,0,748,0,1222,907,0,0,0,1461,0,0,583,0,0,0,0,468,731,522,0,378,0,0,0,814,0,420,0,371,421,0,631,0,4658,378,1714,0,0,400,0,0,0,0,0,0,0,0,374,0,0,0,0,0,0,0,0,0,0,0,1206,0,670,950,0,0,0,461,0,0,712,0,0,0,405,0,0,0,784,0,0,0,0,0,0,0,0,367,0,0,0,0,701,882,0,360,414,451,0,0,418,0,0,522,0,0,0,0,0,0,0,0,0,1535,0,1177,0,0,0,0,0,0,0,556,0,0,0,0,0,0,0,0,403,675,0,0,0,756,0,763,728,0,0,582,614,1521,0,0,0,462,0,0,0,0,604,0,0,0,0,0,0,0,0,379,0,0,0,0,0,379,463,0,0,0,0,599,0,0,0,0,477,0,1433,0,442,0,0,0,0,446,0,0,0,0,570,0,461,0,0,776,0,733,0,732,0,405,0,0,0,445,0,0,0,0,0,0,0,0,0,0,0,0,0,0,0,0,0,0,0,0,0,0,435,0,0,423,0,0,0,885,765,0,462,972,600,439,0,0,0,0,0,0,0,423,0,0,0,0,0,730,0,0,0,0,0,0,0,0,750,0,0,0,0,0,956,0,427,0,904,385,0,0,0,0,0,484,0,0,0,0,0,0,0,0,0,435,0,0,0,441,0,0,0,0,0
1965,0,0,0,371,0,439,0,0,0,0,0,0,409,0,808,0,0,0,401,0,0,581,0,0,0,0,0,0,0,0,397,0,0,0,0,0,0,0,484,0,463,0,0,0,746,0,733,365,0,0,0,0,0,0,483,0,0,440,0,0,0,0,0,0,0,0,0,0,702,1066,0,0,0,0,0,0,0,363,0,0,0,0,0,0,691,0,0,494,0,429,1122,0,1256,717,0,0,0,1688,0,0,393,0,0,0,0,416,786,0,0,384,0,0,0,775,0,393,0,386,391,0,538,0,4803,0,2000,0,0,0,0,0,0,0,0,0,0,0,0,0,0,0,0,0,0,0,715,0,0,0,746,0,556,660,0,0,0,511,0,0,573,0,0,0,455,0,0,0,767,0,0,0,0,0,0,0,0,389,0,0,0,0,690,812,0,361,0,490,0,0,451,0,0,471,0,0,527,0,0,0,0,0,0,1841,0,1260,0,0,0,0,0,0,0,484,0,0,0,0,0,0,0,0,790,800,421,0,0,1415,0,885,596,0,0,396,474,1189,0,0,0,472,0,0,0,0,469,0,0,399,0,0,0,0,0,0,0,575,0,0,361,0,0,0,0,0,0,496,0,0,487,0,579,0,1535,0,483,0,0,0,0,0,0,0,0,0,561,0,511,375,0,502,0,710,0,659,0,0,0,0,0,370,0,0,0,0,0,0,0,0,498,410,0,432,0,401,0,0,0,0,0,0,0,0,0,0,0,0,412,0,0,583,652,0,0,927,704,0,0,0,412,0,0,0,0,543,0,0,0,0,0,671,363,0,0,0,0,0,0,0,788,0,0,0,0,0,943,0,541,0,1164,0,0,0,0,0,0,748,0,0,0,0,0,0,0,0,0,501,0,0,0,427,0,0,0,0,0
1966,0,0,0,0,0,550,0,0,0,0,0,0,402,0,613,339,0,0,0,0,0,402,0,0,0,333,0,0,0,0,390,0,0,366,0,0,0,0,341,0,342,0,0,0,485,0,712,323,0,0,0,0,0,0,0,0,0,359,0,330,0,0,0,0,0,0,0,0,629,1033,0,0,0,0,0,0,0,0,0,0,0,0,0,0,789,0,0,343,0,362,685,0,1201,526,0,0,0,1324,0,0,349,0,0,0,0,422,528,0,0,401,0,0,0,691,0,0,0,356,359,0,381,0,4174,0,1415,0,0,447,0,0,0,0,0,0,0,0,0,0,0,0,0,0,0,0,0,0,0,0,438,0,394,578,0,0,0,384,0,0,656,332,0,0,480,0,0,0,488,0,0,0,0,0,0,0,0,380,0,0,0,0,617,1290,0,0,0,0,0,0,410,0,0,454,0,0,394,458,0,0,0,0,0,1130,0,1303,0,0,0,0,0,0,0,0,0,0,0,0,0,0,0,0,557,523,0,0,0,1009,0,773,482,0,0,397,323,1005,0,0,0,409,0,0,362,0,452,0,0,0,0,0,0,0,0,0,0,424,0,0,0,0,368,0,0,0,0,423,0,0,337,0,364,0,1170,0,457,369,0,0,0,0,0,0,0,0,348,0,421,0,323,530,0,1006,0,575,0,0,0,0,0,0,352,0,0,0,345,0,0,0,591,443,0,0,0,334,0,0,0,0,0,0,0,0,0,340,0,0,0,0,0,574,620,0,0,720,473,339,0,0,0,0,0,0,0,460,0,0,0,0,0,689,418,0,369,0,0,0,0,0,691,0,0,0,0,0,812,0,482,398,1158,0,0,0,0,0,0,587,0,0,0,0,0,0,0,0,0,353,0,0,0,389,0,0,0,0,0
1967,0,0,0,0,0,429,0,0,0,0,0,0,486,0,580,0,0,0,435,0,0,406,0,0,0,0,0,0,0,0,0,0,0,439,0,0,0,0,610,0,483,0,0,0,530,0,805,0,0,0,0,0,0,0,399,0,0,0,0,0,0,0,0,0,0,0,0,0,546,1066,0,0,0,0,0,0,0,0,0,0,0,0,0,430,691,0,0,0,0,437,846,0,1300,542,542,0,0,1773,0,0,0,0,0,0,0,0,649,0,0,445,0,0,0,748,0,0,0,0,412,0,0,0,4623,0,1494,0,0,393,0,0,0,0,0,0,0,0,0,0,0,405,0,0,0,0,0,0,0,0,519,374,485,732,0,0,0,412,0,0,600,0,0,0,496,0,0,0,646,0,434,0,0,0,0,0,0,415,0,0,0,0,676,1010,0,0,0,0,0,0,460,0,0,532,0,0,0,575,0,0,0,0,0,1172,0,1518,0,0,0,0,0,0,0,814,0,0,0,0,0,0,0,0,485,553,662,0,0,1070,0,874,603,0,498,568,460,1232,0,0,0,0,0,0,424,0,391,0,0,470,0,0,989,0,0,0,0,548,0,0,375,0,386,0,0,0,0,421,0,0,391,0,391,0,1158,0,734,0,0,0,0,0,0,0,0,0,0,0,440,0,408,438,0,1018,0,667,0,0,0,0,0,828,382,0,402,0,0,0,0,0,544,498,0,0,0,380,0,0,0,0,0,0,0,0,0,417,0,370,0,0,0,551,746,0,418,791,614,489,0,0,411,0,0,0,0,476,0,374,0,0,0,758,0,0,0,0,0,0,0,0,779,0,0,0,0,0,826,0,471,0,1293,0,0,0,0,0,0,694,0,0,0,0,383,0,0,0,0,599,0,0,0,463,0,0,0,0,0
1968,0,0,0,0,0,0,0,0,0,0,0,0,547,0,534,389,0,0,0,0,0,382,0,0,0,0,0,0,0,0,0,0,0,474,0,0,0,0,546,0,577,0,0,0,677,0,879,428,0,0,0,0,0,0,418,0,0,458,0,0,0,0,0,0,0,0,0,0,470,547,0,0,0,0,0,0,0,0,0,0,0,0,0,0,846,0,0,458,0,473,758,0,1326,575,0,0,0,1576,0,0,455,0,0,0,421,0,700,0,0,513,413,0,0,920,0,385,0,0,470,0,422,0,4568,0,1551,0,0,0,424,0,0,0,0,0,0,0,0,0,0,667,0,0,0,0,0,0,0,0,697,0,468,690,0,0,0,491,0,0,580,0,0,0,522,0,0,0,748,0,405,0,0,0,0,0,0,475,0,0,0,0,1130,712,0,0,0,0,0,0,499,0,0,546,0,0,427,442,0,441,0,0,0,1547,0,1448,0,0,0,0,0,0,0,0,0,0,0,0,0,0,0,0,875,458,394,0,0,1012,0,919,509,397,414,516,434,1369,0,427,0,0,0,0,0,0,436,0,0,387,0,0,541,0,0,0,0,525,0,0,0,0,422,0,0,0,0,499,0,0,0,0,0,0,1423,0,822,426,0,0,0,420,0,0,0,0,433,0,396,0,0,1163,0,658,0,892,0,0,0,0,0,0,422,0,398,0,0,0,0,0,800,489,402,0,0,399,0,0,0,0,0,0,0,0,0,0,0,0,0,0,0,693,584,0,0,843,654,0,0,0,431,0,0,0,0,448,0,0,0,0,0,761,0,0,0,0,0,0,0,0,772,0,0,0,0,0,817,0,477,0,1168,0,0,393,0,0,0,865,0,0,0,0,0,0,0,0,0,629,0,0,0,533,0,0,0,0,0
1969,0,0,0,0,0,445,0,0,0,0,0,0,0,0,736,0,0,0,0,0,0,594,0,0,0,434,0,0,0,0,0,0,0,449,0,0,0,0,579,0,472,0,436,0,748,0,821,0,0,0,0,0,0,0,0,0,0,0,0,0,0,0,0,0,0,0,0,0,486,849,0,0,467,0,0,0,0,610,0,0,0,0,0,510,919,0,0,497,0,461,1117,0,1641,650,0,0,0,1651,0,483,0,0,0,0,0,481,743,0,0,434,0,0,0,706,0,0,0,0,529,0,602,0,6272,0,1803,0,0,0,0,0,0,0,0,0,0,0,0,0,0,0,0,0,0,0,0,0,0,0,549,0,568,987,0,0,0,542,0,0,780,578,0,0,563,0,0,0,809,0,525,0,0,0,0,0,0,486,0,0,0,0,836,1264,0,0,0,0,0,0,469,0,0,645,0,0,0,484,0,0,0,0,0,1547,0,1645,0,0,0,0,0,0,983,0,0,0,0,0,0,0,0,0,631,495,0,0,0,1115,0,1025,906,0,0,0,444,1403,0,533,0,449,0,0,0,0,739,0,0,0,0,0,474,0,0,0,0,574,0,0,444,0,458,0,0,0,0,465,0,0,437,0,564,0,1588,0,641,464,500,0,0,0,0,0,0,0,0,0,521,0,0,1081,0,1101,0,919,0,0,0,0,0,588,0,0,519,0,0,457,0,0,0,567,0,449,0,520,0,0,0,0,0,0,0,0,0,0,0,0,0,0,0,597,595,0,0,1084,626,0,0,0,470,0,0,0,0,755,0,0,0,450,0,853,487,0,0,0,0,574,0,0,782,464,0,0,0,0,1255,0,705,0,1293,0,0,0,0,0,0,819,0,0,526,0,0,0,0,0,442,538,0,0,0,638,0,0,0,0,0
1970,0,0,0,0,0,0,0,0,0,0,0,0,563,0,857,0,0,0,0,0,0,0,0,0,0,0,0,0,0,0,0,0,0,506,0,0,0,0,503,0,815,0,0,0,861,0,935,513,0,0,0,514,0,0,0,0,0,0,0,0,0,0,0,0,0,0,0,0,710,944,0,0,0,0,0,0,0,0,0,0,0,0,0,0,1534,0,0,559,0,1055,777,0,1676,784,0,0,0,1929,0,563,0,0,0,0,0,552,1128,0,0,643,0,0,0,914,0,0,0,0,608,0,810,0,6414,0,2081,0,0,0,0,0,0,0,0,0,0,0,0,0,0,0,0,679,0,0,0,506,0,0,632,0,643,996,0,0,0,591,0,0,826,763,0,0,631,0,0,0,945,0,526,0,0,0,0,0,0,546,0,0,0,0,879,1013,0,0,0,0,683,0,544,0,0,712,0,0,643,604,0,0,0,0,0,2004,0,1731,0,0,0,0,0,0,1255,0,0,0,0,0,0,0,0,0,806,670,0,0,0,861,0,1187,838,0,0,536,575,1991,0,639,0,537,0,0,0,0,1139,0,0,0,0,0,0,0,0,0,0,551,0,0,0,583,581,0,0,0,0,603,0,0,508,0,770,0,1733,0,985,540,646,0,0,0,0,0,0,0,573,0,0,0,0,1326,0,939,0,1154,0,0,0,0,0,689,0,0,675,0,0,529,0,0,619,816,0,530,0,0,0,0,0,0,672,0,0,0,0,0,0,0,0,0,0,722,699,0,532,1447,835,0,0,0,670,0,0,0,0,755,0,0,0,541,0,855,0,0,0,0,0,605,0,0,1018,519,0,0,0,0,1313,0,643,0,1878,0,0,0,0,0,0,886,0,0,576,0,0,0,0,0,0,637,0,0,0,870,0,0,0,0,0
1971,0,0,0,0,0,514,0,0,0,0,0,0,554,0,875,0,0,0,0,0,0,505,0,0,0,0,0,0,0,527,0,0,0,512,0,0,0,0,673,0,676,0,0,0,851,0,853,489,0,784,0,0,0,0,0,0,0,0,0,0,0,0,0,0,0,0,0,0,789,1033,0,0,507,0,0,0,0,0,0,0,0,0,0,0,986,0,0,505,0,1025,1000,0,1843,724,0,0,0,2035,0,611,506,0,0,0,0,509,643,0,0,628,0,0,0,1002,0,0,0,0,502,0,500,493,6702,0,2073,0,0,0,0,0,0,0,0,0,0,0,0,0,0,498,0,0,0,0,0,0,0,0,0,0,583,969,0,0,0,583,0,0,752,601,0,0,589,0,0,0,862,0,0,0,0,0,0,0,0,594,0,0,0,0,1047,1071,0,0,0,0,0,0,716,0,0,740,0,0,592,575,0,0,0,0,0,2187,0,1904,0,0,0,0,0,0,1111,0,0,0,0,0,0,0,0,0,652,596,0,0,0,978,0,1211,859,0,0,576,607,1687,0,600,0,495,0,0,0,0,670,0,0,0,0,0,0,0,0,0,0,618,0,0,522,0,613,0,0,0,0,509,0,0,0,0,598,0,1690,0,973,0,647,0,0,0,522,0,0,0,0,0,541,0,0,893,0,1016,0,1136,0,0,0,0,0,604,511,0,634,0,0,0,0,0,805,680,0,0,0,494,0,0,0,0,0,0,0,0,0,0,0,508,0,0,0,558,868,0,0,1417,809,515,0,0,525,0,0,0,0,587,0,0,0,0,0,952,0,0,0,0,0,517,0,0,902,0,503,0,0,0,1239,0,770,0,1749,0,0,0,0,0,0,882,0,0,0,0,0,0,0,0,523,656,0,0,0,787,0,0,0,0,0
1972,0,0,0,0,0,348,0,0,336,0,0,0,285,252,297,0,0,0,0,0,0,261,0,0,0,0,0,0,0,0,493,0,0,318,0,0,0,274,359,0,358,0,315,0,430,0,751,0,0,382,0,0,0,0,458,0,0,0,0,0,0,0,0,0,0,0,0,0,424,529,0,0,497,0,0,0,0,0,0,0,0,0,0,378,273,0,0,0,0,814,518,0,874,397,0,0,0,672,0,0,0,0,0,290,0,0,425,0,0,300,0,0,0,515,0,0,0,259,0,0,291,0,2702,0,868,0,0,432,0,0,0,0,0,0,274,0,0,0,0,0,0,0,0,0,0,0,0,0,355,324,0,461,0,0,0,0,0,0,433,0,0,0,285,0,0,283,375,0,0,0,0,0,0,0,0,0,0,0,0,0,432,1099,0,0,0,0,0,0,294,0,0,289,0,0,280,447,0,0,0,0,0,798,0,1113,0,0,0,0,0,0,0,0,284,0,0,265,0,263,0,0,343,337,524,0,0,537,0,491,570,521,0,426,0,989,0,0,0,0,0,0,0,0,259,0,0,0,0,0,447,0,0,0,0,388,0,0,0,0,0,0,0,0,0,251,0,0,0,0,0,0,595,0,1002,263,267,0,0,0,0,0,323,0,0,0,254,0,0,443,0,508,0,438,0,0,0,0,0,520,480,0,0,0,0,0,0,0,366,370,0,0,0,0,0,0,0,0,0,0,0,0,0,305,0,0,0,0,0,269,315,0,0,682,309,301,0,0,0,0,0,0,0,0,0,0,0,331,0,271,290,254,0,0,0,0,0,0,441,0,0,0,0,0,451,0,373,299,766,0,0,0,0,0,0,472,0,0,0,0,269,0,0,0,677,350,0,0,0,297,0,0,0,0,0
1973,0,0,0,0,0,0,0,0,0,0,0,0,0,243,455,0,0,0,0,0,0,389,0,0,0,0,0,0,0,0,344,0,0,0,0,0,0,0,516,0,343,0,0,0,285,0,547,0,0,476,0,0,0,0,519,0,0,0,0,326,0,0,0,0,0,0,0,0,400,406,0,0,348,0,0,287,0,0,0,0,0,0,0,254,616,0,0,0,0,856,684,0,1080,0,0,0,0,657,323,0,0,0,0,0,296,0,327,0,0,268,282,0,0,480,0,0,0,258,0,0,339,0,2472,0,779,0,270,311,0,0,0,0,0,317,0,338,0,0,0,0,0,0,0,0,0,0,0,0,0,0,266,633,0,0,0,0,0,0,372,0,0,0,263,0,0,0,0,0,281,0,0,0,0,0,0,0,0,0,293,0,548,657,0,0,249,0,0,0,315,0,0,318,0,0,323,339,0,0,0,0,0,821,0,1163,0,0,0,0,0,0,0,427,245,0,0,0,0,355,0,0,381,0,249,0,0,664,0,617,453,433,0,377,305,690,0,0,0,281,0,0,0,0,313,0,0,0,0,0,346,0,0,0,0,497,0,0,0,0,0,0,0,0,0,271,0,0,0,0,0,0,518,0,819,0,0,0,0,0,0,0,0,0,0,0,297,0,0,566,0,420,0,424,0,0,0,0,0,437,416,0,0,0,0,0,0,0,292,360,0,292,0,0,0,0,0,0,0,0,0,0,0,0,0,0,0,377,0,250,325,0,0,568,263,372,0,0,339,0,0,355,0,0,0,0,0,278,247,241,0,0,0,0,0,0,281,273,365,0,0,0,0,0,471,0,375,0,791,0,0,0,0,0,0,0,0,259,0,0,0,0,0,0,488,489,0,489,0,339,0,0,0,0,0
1974,0,0,0,0,0,0,0,0,0,0,0,0,433,0,302,0,0,0,0,0,0,397,0,0,0,0,291,0,0,0,355,0,0,0,254,0,0,0,634,0,0,0,0,0,285,0,598,0,0,435,0,0,0,0,579,0,0,0,0,0,0,0,0,0,0,261,0,0,535,363,0,0,315,0,0,259,0,0,0,0,0,0,0,349,591,0,0,0,0,954,547,311,925,376,0,0,254,633,337,0,0,0,0,0,0,0,445,0,0,0,343,0,0,577,258,0,0,320,0,377,462,0,2705,0,892,0,0,279,0,0,0,290,0,0,325,0,0,0,250,0,0,0,0,0,0,0,0,0,264,269,0,688,0,0,261,0,0,0,376,0,0,0,279,251,0,0,248,0,0,0,0,0,0,0,0,0,0,0,0,0,451,823,0,0,0,0,0,0,0,0,0,281,0,0,0,420,0,0,0,0,0,699,0,1227,0,0,0,0,0,0,0,0,290,0,0,0,0,0,0,0,308,273,0,0,0,571,0,737,423,419,0,684,290,838,0,0,0,0,0,0,0,0,251,0,0,0,0,0,437,0,0,0,0,409,0,0,0,0,0,0,0,0,0,254,0,0,0,0,323,0,455,0,913,299,0,0,0,0,0,0,0,0,0,0,313,0,260,337,0,611,328,592,0,0,0,0,0,531,568,0,329,0,0,0,0,0,255,0,0,324,0,284,0,0,0,0,0,0,0,0,0,0,0,0,0,0,0,255,376,0,0,418,317,0,0,0,0,0,0,0,0,0,0,0,0,356,0,249,0,0,0,0,0,0,0,0,442,0,0,0,0,0,388,0,442,0,744,0,0,0,0,0,0,363,269,0,0,0,0,305,0,0,701,489,0,398,0,383,0,0,0,0,0
1975,0,0,0,0,0,305,291,0,234,0,0,0,0,0,0,0,0,0,0,0,0,537,232,0,0,0,300,0,0,0,429,0,0,0,271,246,0,0,693,0,260,240,0,0,264,0,590,0,0,294,0,0,0,0,372,0,0,0,0,0,0,0,0,0,0,0,0,0,0,527,0,0,307,447,0,300,0,0,0,0,0,0,0,0,289,0,244,0,0,1051,398,0,870,0,285,0,0,544,322,0,0,0,0,0,0,0,0,0,0,284,233,0,271,573,0,0,0,0,0,0,0,0,1771,0,652,0,0,0,264,0,0,268,0,281,0,0,0,0,0,0,0,0,0,0,607,0,0,0,383,0,0,749,0,0,0,0,0,0,412,0,0,0,274,0,0,0,0,0,0,0,0,0,0,0,0,0,0,0,362,0,562,1201,265,0,395,0,0,0,298,0,0,0,0,0,367,355,0,0,0,0,0,473,0,1082,0,0,0,0,0,0,0,232,0,0,0,264,0,0,0,0,295,0,0,0,249,259,0,480,391,381,0,514,0,397,0,0,0,0,0,0,0,0,0,0,0,0,0,0,304,0,0,0,0,454,0,0,0,0,0,287,0,0,0,310,0,0,0,0,0,0,402,0,795,243,0,0,0,0,0,0,499,0,0,0,0,0,338,272,0,407,0,460,0,0,0,0,0,894,598,0,282,0,0,0,0,0,0,233,0,278,0,0,304,0,0,0,0,0,0,0,0,0,0,0,0,512,0,0,431,0,320,594,254,0,0,0,0,0,0,443,0,0,0,0,0,302,0,254,589,0,0,0,0,0,0,0,422,0,0,0,0,269,236,0,297,0,674,0,0,0,0,0,0,318,0,0,0,0,287,0,0,0,889,340,0,275,0,490,0,0,0,0,0
1976,0,0,0,0,0,0,0,0,318,0,0,0,369,0,316,0,0,0,0,0,0,349,0,0,374,0,295,0,0,0,772,0,0,0,0,0,0,0,694,0,462,0,315,0,349,0,701,0,0,454,0,0,327,0,602,0,0,0,0,0,0,0,0,0,0,0,0,0,483,544,0,0,346,0,0,373,0,0,0,0,0,0,0,388,664,0,289,0,313,1066,493,0,1352,0,0,0,0,776,367,0,0,0,0,0,0,0,356,0,0,394,0,0,0,620,332,0,0,0,0,0,0,0,2139,0,822,0,0,0,410,0,0,362,0,294,457,0,0,0,0,0,0,0,0,0,0,0,0,0,0,489,0,774,0,0,0,0,0,0,463,0,0,0,321,0,0,483,0,0,0,0,0,0,0,0,0,0,0,0,361,0,693,976,0,0,333,0,0,0,0,0,0,0,0,0,298,471,0,0,0,0,0,421,0,1621,0,0,0,0,0,0,0,291,0,0,0,0,0,0,329,0,476,0,402,0,335,597,0,461,583,557,0,633,300,592,0,0,0,0,0,0,0,0,0,0,0,0,0,295,543,0,0,0,0,533,0,0,0,0,0,0,0,0,0,300,0,0,0,0,0,0,410,0,1190,0,0,0,0,0,0,0,341,0,0,0,328,0,415,676,0,728,344,439,0,0,0,0,0,329,724,0,386,0,0,0,0,342,0,0,0,0,0,0,338,0,0,0,0,0,0,0,0,0,0,0,0,0,0,0,512,0,0,542,387,316,0,0,0,0,0,0,0,0,0,0,0,606,0,0,987,0,0,0,0,0,0,0,441,0,0,0,0,303,318,0,383,0,638,0,0,0,0,0,0,315,308,0,0,0,324,369,0,0,1062,732,0,790,0,452,0,0,0,0,0
1977,0,0,0,0,0,420,334,0,0,0,0,0,402,0,303,0,0,0,0,0,0,303,0,0,395,0,308,0,0,0,651,0,0,0,284,0,0,321,589,0,417,0,0,0,0,0,614,327,0,488,0,0,0,0,289,0,0,281,0,0,0,0,0,0,0,0,0,0,463,657,0,0,335,0,0,338,0,0,0,0,0,0,0,291,285,0,0,0,0,1002,555,433,1044,0,0,0,407,617,312,0,0,0,0,0,0,0,0,0,0,321,0,0,0,609,0,0,0,288,0,0,365,0,2134,0,816,0,0,368,0,0,0,502,0,459,345,0,0,0,0,382,0,0,0,0,0,298,0,0,0,336,0,769,0,0,0,0,0,0,0,0,406,0,305,0,0,311,0,0,0,0,0,0,0,0,0,0,0,0,364,0,505,1419,0,0,383,0,0,0,314,0,0,0,0,0,365,507,0,0,0,0,0,390,0,1066,0,0,0,0,0,0,0,0,0,0,0,0,0,0,0,0,457,0,0,0,0,407,0,595,456,428,0,575,361,584,0,0,0,0,287,0,0,0,0,0,0,0,0,0,509,0,0,0,0,501,0,0,0,0,0,0,0,0,0,300,0,0,0,0,0,0,500,0,751,0,0,0,0,0,0,0,0,0,0,0,0,0,306,399,0,1098,314,479,0,0,0,0,0,789,579,0,0,0,0,0,0,0,287,322,0,0,287,0,297,0,0,0,0,0,0,0,0,0,0,0,0,288,0,0,616,0,0,618,309,0,0,0,341,0,0,0,0,0,0,0,0,478,0,369,516,0,340,0,0,0,0,0,387,0,0,0,0,0,0,0,337,0,853,0,0,0,0,0,0,345,0,341,0,0,344,0,0,0,760,558,0,645,0,415,0,0,0,0,0
1978,0,0,0,0,0,0,354,0,282,0,0,0,0,0,322,0,0,0,0,0,291,364,0,0,364,0,0,0,0,349,609,0,0,0,0,275,0,332,672,0,299,0,0,0,556,0,576,0,0,526,0,0,0,0,485,0,0,0,0,0,0,0,0,0,0,0,0,0,373,304,0,0,295,0,0,284,0,0,0,0,289,0,0,317,0,0,0,0,0,868,273,285,1034,0,0,0,428,718,322,0,0,342,0,0,0,0,301,0,0,357,0,0,0,453,283,0,0,0,0,0,0,0,2267,0,922,0,0,329,0,0,0,324,0,0,495,0,0,0,0,290,0,0,0,0,0,0,0,0,0,479,0,878,0,0,0,0,0,0,614,0,0,290,306,0,0,275,273,0,0,0,0,0,0,0,0,0,0,0,354,0,486,1356,0,0,303,0,0,295,307,0,0,0,0,0,0,514,0,0,0,0,0,556,0,1269,0,0,0,0,0,0,0,0,320,0,0,0,0,0,0,0,0,0,0,0,278,414,0,510,447,527,0,767,304,572,0,0,0,0,0,0,0,0,0,0,0,0,0,0,346,0,0,0,0,479,0,0,0,0,0,0,0,0,0,309,0,0,0,0,0,0,350,0,1048,0,0,0,0,0,0,0,0,0,0,0,0,0,358,388,0,505,547,414,0,0,0,0,0,0,960,0,451,0,0,0,0,0,0,287,0,0,0,0,0,0,0,0,0,0,0,0,0,0,0,0,0,338,398,355,558,301,0,621,0,287,0,0,0,0,0,0,0,0,0,0,0,557,0,394,518,0,314,0,0,0,0,0,431,0,0,0,0,0,0,0,381,312,770,0,0,0,0,0,0,314,0,0,0,0,281,450,0,0,1076,549,0,642,0,501,0,0,0,0,0
1979,0,0,0,0,0,0,0,0,309,0,0,0,374,0,0,0,0,0,0,0,0,377,0,0,393,0,0,0,0,435,586,0,0,383,324,0,0,0,410,0,562,0,0,0,439,0,718,0,0,824,0,0,0,0,523,0,0,0,0,0,0,0,0,0,0,0,0,447,395,439,0,0,0,0,0,427,0,0,0,0,0,0,359,315,446,0,400,0,0,695,705,307,1149,0,0,0,407,845,0,0,0,0,0,0,0,0,377,0,0,309,335,0,0,598,0,0,0,336,0,0,600,483,2489,0,920,0,0,0,0,0,0,333,0,0,395,0,0,0,0,0,0,330,0,0,0,621,0,0,326,399,0,708,0,0,0,0,474,0,415,0,0,0,0,0,0,0,0,0,0,306,0,0,0,346,0,0,0,0,0,0,516,882,0,0,382,0,381,0,376,0,0,0,0,0,0,519,0,0,0,0,350,861,0,1349,0,0,0,0,0,0,0,0,0,318,0,0,0,0,0,0,330,0,0,0,521,611,0,724,817,535,0,731,395,734,0,0,0,0,0,0,0,0,348,0,0,0,0,0,0,0,0,0,0,415,0,0,0,0,0,0,0,0,0,0,0,0,0,0,0,0,422,0,1292,0,0,0,0,0,0,0,0,0,0,0,597,0,382,522,0,650,498,396,0,0,0,0,0,531,643,0,0,0,0,0,0,0,319,357,0,0,0,339,0,309,0,0,0,0,0,0,0,0,0,0,0,0,0,0,755,0,0,727,348,0,0,0,319,0,0,0,0,0,0,308,0,576,0,568,876,0,0,0,0,0,0,0,481,0,0,0,0,0,381,0,367,0,769,0,0,0,0,0,0,344,0,0,548,0,0,0,0,0,894,576,0,817,0,0,0,0,0,0,0
1980,0,0,0,0,0,0,404,0,0,360,0,0,479,318,341,0,0,0,0,0,0,591,0,0,0,0,460,0,508,560,729,0,0,0,370,328,0,316,351,0,364,0,322,0,489,0,769,0,0,0,0,0,0,0,580,0,0,0,0,0,0,0,0,0,0,0,0,0,0,634,0,0,0,0,0,0,0,0,0,0,0,0,0,0,0,0,366,0,0,1402,533,347,1315,0,0,0,575,793,617,0,0,0,0,0,329,0,382,0,0,384,0,0,0,513,0,0,0,313,0,0,0,0,2812,0,1378,0,0,387,0,0,0,448,0,0,582,0,0,0,0,312,0,0,0,0,0,434,0,0,312,544,0,838,0,0,0,374,0,0,388,0,0,0,326,0,0,0,0,0,0,0,0,0,0,312,0,0,0,0,325,0,639,827,0,0,0,0,0,0,378,0,0,343,0,0,365,422,0,0,0,0,0,769,0,1596,0,0,0,358,0,0,0,0,320,0,0,408,0,0,0,0,0,315,0,0,0,639,0,703,407,672,0,728,332,829,320,0,0,0,0,0,0,0,0,0,0,314,0,0,0,0,316,0,0,647,0,0,0,0,0,0,0,0,0,0,0,0,0,0,0,0,419,0,1353,0,0,0,0,0,0,0,0,0,0,0,319,0,323,0,0,859,447,0,0,0,0,0,0,0,789,0,0,0,0,0,0,0,0,371,0,0,0,0,431,0,0,0,0,0,0,0,0,0,0,0,0,0,402,0,682,0,0,558,325,0,0,0,397,0,0,0,0,0,0,0,0,0,0,384,619,0,0,0,0,0,0,0,526,0,0,0,0,0,508,0,383,0,1002,347,349,0,0,0,0,353,0,338,0,0,342,0,0,0,1019,709,0,885,0,468,0,0,0,0,0
1981,0,0,0,0,0,0,550,0,360,0,0,0,353,354,401,0,0,0,0,0,0,298,0,0,339,0,358,0,0,297,431,0,0,0,333,387,0,422,800,0,473,0,0,0,334,0,728,0,0,478,0,0,0,0,469,0,0,0,0,0,0,0,0,0,0,0,0,0,0,395,0,0,0,0,0,0,0,0,0,0,332,0,0,0,286,0,384,0,0,1459,554,293,1070,0,0,0,514,513,816,0,0,0,0,0,291,0,302,0,0,287,0,0,0,492,0,0,0,0,0,0,484,0,2136,0,1085,0,0,0,0,0,0,356,0,487,492,0,0,0,0,352,0,0,0,0,0,433,0,0,374,433,0,869,0,0,0,0,0,0,512,0,0,0,0,0,0,0,0,0,0,0,0,0,0,0,0,0,0,0,0,0,528,927,0,326,387,0,0,0,387,0,0,0,0,0,0,549,0,0,0,0,0,725,0,1389,0,0,0,292,0,0,0,0,298,0,0,0,0,0,0,0,374,0,0,0,438,555,0,304,772,607,0,774,439,553,0,0,0,0,284,0,0,0,0,0,0,0,0,0,0,0,0,0,0,358,0,0,0,0,0,0,0,0,0,0,0,0,0,0,0,0,0,0,1164,393,0,0,0,0,0,0,0,0,0,285,334,0,356,0,0,685,315,305,0,0,0,0,0,721,784,0,399,0,0,0,0,0,0,0,0,0,0,0,441,0,0,0,0,0,0,0,0,0,0,0,0,0,0,304,426,518,0,647,0,290,0,0,0,0,0,0,0,0,301,0,0,464,0,336,408,0,382,0,0,0,0,0,381,0,0,0,0,0,286,0,374,0,646,433,0,0,0,0,0,0,0,0,0,0,342,283,0,0,1294,706,0,783,0,367,0,0,0,0,0
1982,0,0,0,0,0,286,0,0,0,0,0,0,0,340,410,0,0,0,0,0,0,387,0,0,0,0,0,0,539,348,879,0,0,299,0,311,0,0,627,0,535,0,0,0,311,0,621,0,0,303,0,0,0,0,834,0,0,294,0,0,337,0,0,305,0,321,0,0,0,555,0,0,309,0,0,306,0,0,0,0,0,0,0,0,389,0,0,0,0,1042,587,299,1252,0,0,0,499,952,426,0,0,0,0,0,0,0,0,0,0,317,0,0,319,623,0,0,0,0,0,0,446,0,2411,0,1002,0,297,587,0,0,0,0,0,479,581,0,0,0,0,0,0,0,0,0,0,438,0,0,480,424,0,529,0,0,0,0,0,0,637,0,0,0,0,0,0,0,313,0,0,0,0,0,0,0,0,0,0,0,447,0,562,1318,0,367,371,0,0,0,393,0,0,0,0,317,0,527,0,0,0,0,0,711,0,1306,0,0,0,0,0,0,0,0,0,0,0,0,0,0,0,0,0,402,0,0,416,648,0,472,585,523,0,593,300,374,0,0,0,0,0,0,0,0,0,0,0,373,0,0,709,0,0,0,0,324,0,0,0,0,0,0,0,0,0,0,0,0,0,0,0,0,284,0,1107,330,0,0,0,0,0,301,0,0,0,0,340,0,374,0,0,1051,289,370,0,0,0,0,0,819,727,0,365,0,0,0,0,0,0,307,0,0,0,0,0,0,0,0,0,0,0,0,0,0,0,0,0,353,0,389,642,0,0,567,360,300,0,0,0,0,0,0,0,0,0,0,0,0,0,0,817,0,0,0,0,0,0,0,419,0,0,0,0,0,294,0,305,322,845,329,0,0,0,421,0,0,0,0,0,0,446,0,0,0,1188,427,0,612,0,395,0,0,0,0,0
1983,0,0,0,0,0,0,0,0,0,464,0,0,370,0,506,0,359,0,0,305,0,624,0,0,308,0,0,0,390,0,1215,0,0,0,0,0,0,0,474,0,496,0,0,0,676,0,636,0,0,449,0,0,0,0,683,0,0,0,0,0,0,0,0,0,0,0,0,0,460,693,0,0,353,0,0,0,0,0,0,0,0,0,0,0,357,0,0,0,0,1069,620,401,967,0,0,0,376,1130,416,0,0,0,0,0,0,0,452,0,0,0,302,0,0,561,0,0,0,0,0,0,0,0,2423,0,881,0,0,481,0,0,0,311,0,566,395,0,0,0,0,318,0,0,0,0,0,0,323,0,380,346,0,1044,0,0,0,0,0,0,331,0,0,0,0,0,0,323,0,0,0,0,0,412,0,0,0,0,0,0,476,0,555,661,0,0,366,0,0,0,370,0,0,301,0,0,0,416,0,0,0,0,0,668,315,1088,0,0,0,0,0,0,0,0,0,0,0,0,0,0,0,0,0,384,0,0,362,420,0,366,404,430,0,517,414,892,0,0,0,0,0,0,0,0,0,0,0,0,0,0,481,0,0,0,0,385,0,0,347,0,0,0,0,0,362,0,0,0,0,0,309,0,524,0,806,358,0,0,0,0,0,0,387,0,0,0,0,0,340,377,0,541,328,335,0,0,0,0,0,502,678,0,0,0,0,0,0,0,585,0,0,0,0,0,0,0,0,0,0,0,0,0,0,0,365,0,0,0,0,0,942,0,0,702,0,507,0,0,0,0,0,0,0,0,0,0,0,317,0,373,1138,0,310,0,0,0,0,0,395,0,0,0,0,0,345,0,443,0,742,408,0,0,471,0,0,335,0,315,0,339,0,0,0,0,867,480,0,755,0,403,0,0,0,0,0
1984,0,0,0,0,0,0,0,0,0,292,0,0,370,0,469,0,0,0,0,0,0,548,0,0,290,0,0,0,754,0,926,0,304,0,0,0,0,349,381,0,385,0,0,0,522,0,490,0,0,657,0,0,0,0,938,0,0,0,0,0,0,0,0,0,0,0,0,0,397,823,0,0,275,0,0,390,0,0,0,0,0,0,0,0,372,0,389,0,0,1147,485,420,1074,0,0,0,0,1090,627,0,0,0,0,0,0,0,285,0,0,307,0,0,0,535,0,0,0,0,0,0,315,0,2617,0,994,0,0,561,0,0,0,0,0,0,346,0,0,0,0,357,0,0,0,0,0,285,0,0,383,0,0,729,0,0,0,0,0,0,592,0,0,0,0,0,0,0,321,0,278,275,0,0,0,0,0,0,0,0,421,0,773,955,0,0,596,0,0,0,0,0,0,0,0,0,0,331,0,0,0,0,0,719,0,1010,0,0,0,0,0,312,0,0,0,349,0,0,0,0,0,0,275,295,0,0,548,405,0,466,483,559,0,587,402,640,0,0,0,0,0,0,0,0,0,278,0,411,0,0,610,0,401,0,0,437,0,0,277,0,0,0,0,343,0,0,0,0,0,0,408,0,338,0,1263,280,0,0,0,0,0,0,0,0,0,0,348,0,306,471,0,606,357,0,0,0,0,0,0,758,861,0,547,0,0,0,0,0,404,0,0,390,0,0,0,0,0,0,0,0,0,0,0,0,0,0,0,0,0,0,640,0,0,696,0,442,0,0,0,0,0,0,0,0,0,280,0,332,0,574,1136,0,0,0,0,0,0,0,313,0,0,0,0,0,282,0,334,0,611,0,0,0,0,371,0,296,0,0,0,0,0,403,0,0,1164,375,0,0,0,407,0,0,0,0,0
1985,0,0,0,0,0,0,328,288,0,375,0,0,318,327,308,0,336,0,0,0,0,475,0,0,0,0,0,0,0,0,740,0,0,0,272,0,0,0,390,0,597,0,0,0,1009,0,559,0,0,341,0,0,0,0,718,0,275,0,0,0,0,0,0,0,0,0,0,0,0,286,0,0,0,0,0,0,0,0,313,0,0,0,0,0,0,0,350,0,0,1022,519,331,914,0,0,0,416,1072,586,0,0,0,0,0,0,0,443,0,0,336,332,0,0,536,0,0,0,0,0,0,0,281,2103,0,888,0,0,518,0,0,0,0,0,432,290,0,0,0,0,331,0,286,0,0,0,302,0,0,0,292,0,798,0,0,0,0,0,0,599,0,0,0,0,0,0,0,0,0,0,287,378,0,0,0,0,0,0,0,307,0,712,449,0,0,307,0,0,0,303,0,0,0,0,0,0,363,0,0,0,0,0,587,0,1141,319,0,0,0,0,0,0,0,0,0,0,0,0,0,0,0,0,0,0,0,0,518,0,340,522,489,0,486,359,915,0,0,0,0,0,0,0,0,0,0,0,0,0,0,556,0,0,0,0,397,0,0,0,0,0,0,0,0,0,294,0,0,0,0,438,0,360,0,1075,296,0,0,0,0,315,0,0,0,0,0,0,0,356,517,0,699,0,0,0,0,0,343,0,596,880,0,278,0,0,0,0,0,273,363,0,314,0,0,328,0,0,0,0,0,0,0,0,0,0,0,0,0,0,0,810,0,0,571,0,449,0,0,0,350,0,0,0,0,0,0,455,0,0,622,381,0,0,0,0,0,0,0,418,0,0,274,0,0,0,0,0,346,805,476,0,0,0,0,0,444,290,304,0,0,368,0,0,0,1257,605,0,419,0,320,0,0,0,0,0
1986,0,0,0,0,0,0,0,323,0,539,0,0,442,0,459,0,0,0,0,0,0,496,0,0,393,0,355,0,536,0,1169,0,375,0,0,0,0,354,410,0,427,0,0,0,504,0,580,0,0,560,0,0,422,0,584,0,0,0,0,0,0,0,0,0,0,0,0,0,450,551,0,0,0,0,0,469,0,0,0,0,0,0,305,0,0,0,307,0,0,885,919,0,1102,0,0,0,397,918,406,0,0,0,0,0,0,0,0,0,380,0,336,0,0,542,0,0,0,0,0,0,0,0,2810,0,1065,0,0,854,0,0,0,0,0,493,0,0,0,0,0,0,0,0,0,0,0,0,366,0,323,330,0,730,0,0,0,0,0,0,630,0,0,0,0,0,0,0,328,337,0,329,0,0,0,0,0,0,0,0,346,0,536,1078,0,0,390,0,0,0,429,0,0,0,0,0,0,387,0,0,0,365,0,751,0,996,0,0,0,0,0,0,0,0,0,0,0,0,0,0,0,0,0,0,0,0,0,648,0,534,346,504,0,601,342,619,0,0,0,0,0,0,0,0,0,0,0,0,0,0,837,0,352,0,0,440,0,0,346,0,0,0,0,375,0,341,0,0,0,0,0,0,413,0,831,0,438,0,0,0,0,0,325,0,0,0,484,0,0,527,0,776,370,331,0,0,0,391,0,379,786,0,445,0,0,0,489,0,0,0,0,581,0,344,0,0,0,0,0,0,0,0,0,0,0,0,0,0,0,0,770,0,0,587,350,0,0,0,0,0,0,0,0,0,0,0,0,0,0,345,646,0,0,325,0,0,0,0,422,0,0,0,433,0,0,0,0,0,670,344,0,0,0,327,322,449,0,390,0,0,0,0,0,0,1000,468,0,508,0,531,0,0,0,0,0
1987,0,0,0,0,491,0,330,0,442,0,0,0,427,369,440,0,0,0,0,0,0,610,0,0,352,0,398,0,0,0,484,0,0,0,411,0,0,311,426,0,411,0,0,0,484,0,530,0,0,485,0,0,0,0,1084,0,0,0,0,0,0,0,0,0,0,0,0,0,0,668,0,0,333,0,0,308,0,0,0,0,0,0,0,0,0,0,336,0,0,1203,691,455,1021,0,0,0,0,798,616,0,0,0,0,0,0,0,341,0,0,0,329,0,0,628,0,0,0,0,0,0,0,0,2416,0,1215,0,661,0,0,0,0,0,0,306,386,0,0,0,301,0,0,0,0,0,0,309,0,0,530,331,421,951,0,0,0,0,0,0,544,0,0,0,0,0,0,0,0,0,0,0,359,0,0,0,0,0,0,0,465,0,466,986,0,0,419,0,0,0,0,0,0,0,0,0,0,0,0,0,0,0,0,972,0,1299,0,362,0,289,0,0,0,0,0,351,0,0,0,0,0,0,308,0,0,0,573,604,0,463,834,634,0,708,420,833,0,0,0,0,0,0,0,301,498,0,0,399,0,0,723,289,0,0,0,364,0,0,0,0,0,0,0,0,0,0,0,0,0,0,0,0,489,0,1133,305,485,367,0,0,0,0,0,0,0,0,398,0,0,312,0,359,508,328,0,0,0,0,0,625,983,0,298,0,0,0,0,0,0,299,0,0,0,0,0,0,0,0,0,0,0,0,0,0,0,0,0,0,0,0,639,0,0,836,0,400,0,0,0,375,0,0,0,0,0,0,0,356,0,400,774,0,0,0,0,0,0,0,316,0,0,0,0,0,0,0,375,293,897,498,0,0,0,0,0,0,0,305,0,0,341,0,0,0,1368,559,0,402,0,479,0,0,0,0,0
1988,0,0,0,0,0,319,0,0,437,0,0,0,356,352,0,0,0,0,0,0,0,383,0,0,350,0,0,0,0,0,660,340,0,0,0,0,0,0,406,0,598,0,0,0,898,0,560,0,0,301,0,0,0,0,431,0,0,0,0,0,0,0,0,0,0,0,0,0,408,464,0,0,313,0,0,0,0,0,289,0,0,0,0,0,354,0,368,0,0,1193,603,296,1048,0,0,0,524,668,569,0,0,0,0,0,0,0,316,0,0,0,285,0,0,588,0,0,0,0,0,0,0,0,2353,0,1024,0,0,337,0,0,0,0,321,465,384,0,0,0,0,344,0,0,0,0,0,318,0,0,351,464,434,625,0,0,0,302,0,0,294,0,0,0,0,0,0,0,0,0,0,0,0,0,0,0,0,0,0,0,330,0,676,563,0,0,284,0,0,0,0,0,0,0,0,0,0,398,0,0,0,0,0,889,0,1068,0,0,0,0,0,0,0,0,315,0,0,0,0,0,0,0,0,0,0,0,793,736,0,633,622,532,0,545,427,1068,0,0,0,0,0,0,0,0,0,0,0,0,0,0,874,0,287,0,0,371,0,0,0,0,0,0,0,303,0,0,0,0,0,0,343,0,366,0,1019,350,422,0,0,0,0,318,0,0,0,0,524,0,0,524,0,534,0,423,0,0,0,0,0,628,704,0,0,0,0,0,0,0,380,286,0,417,0,0,0,0,0,0,0,0,0,0,0,0,0,0,0,0,0,311,1043,0,0,442,0,333,0,0,0,320,323,0,0,0,0,0,0,0,0,663,934,0,0,0,475,0,0,0,476,0,0,0,0,0,0,0,302,358,799,342,315,0,0,0,0,376,0,0,0,0,313,0,0,0,872,749,0,646,0,323,0,0,0,0,0
1989,0,0,0,0,0,0,328,0,0,488,0,0,745,0,613,0,0,0,329,0,0,437,0,0,0,0,329,0,367,375,899,476,0,0,0,0,0,0,0,0,473,0,0,0,1115,0,742,0,0,616,0,0,0,356,722,0,0,0,0,0,0,0,0,0,0,0,318,0,339,556,0,0,0,0,0,0,0,0,0,0,0,0,0,0,0,0,390,0,0,952,713,0,1173,0,0,0,344,931,515,0,0,0,0,0,0,0,333,0,447,321,0,0,0,532,0,0,0,0,0,0,350,402,2451,0,1085,0,0,575,0,0,0,0,0,0,408,0,0,0,0,362,0,0,0,317,0,0,0,0,0,413,473,822,0,0,0,0,0,0,479,0,0,0,0,0,0,0,0,0,0,351,0,0,0,0,0,0,0,0,441,0,534,564,0,0,325,0,0,317,0,0,0,0,0,0,0,396,0,0,0,0,0,893,0,1267,0,378,0,0,0,0,0,381,350,0,0,0,0,0,0,0,0,0,0,0,589,636,0,396,796,671,0,484,488,1476,0,0,0,0,0,0,0,0,0,0,0,0,0,0,971,0,0,0,0,0,0,0,0,322,0,0,0,0,0,0,0,0,0,0,360,0,434,0,1135,315,427,0,0,0,0,0,0,354,0,0,474,510,330,631,0,513,319,0,0,0,0,0,0,0,879,0,0,0,0,0,398,0,336,393,0,0,0,0,0,0,0,0,0,0,0,0,0,0,0,0,0,0,419,0,823,0,0,538,373,0,0,0,326,0,0,0,0,0,0,0,0,332,0,440,1043,0,0,398,0,0,0,0,401,0,0,338,0,0,0,0,391,0,1025,460,0,0,0,0,0,0,369,0,0,0,0,0,0,0,1240,448,0,507,0,414,0,0,0,0,0
1990,0,0,0,360,0,0,0,0,0,475,545,0,352,0,422,0,0,0,0,0,0,676,0,0,0,0,0,0,0,0,1087,0,0,0,326,0,0,0,515,0,693,0,0,0,1415,0,575,0,0,312,0,0,0,0,412,320,0,314,0,0,0,0,0,0,373,313,0,0,370,447,0,0,364,0,0,0,0,0,492,0,0,0,0,0,0,0,394,0,0,1225,555,474,902,0,0,0,433,1088,606,0,0,544,381,0,0,0,0,0,0,0,322,0,0,590,0,0,0,0,0,0,0,366,2399,0,853,0,0,907,0,0,0,0,0,938,331,0,0,0,0,360,0,324,0,363,0,0,0,0,0,0,599,658,0,0,0,0,0,0,421,0,0,0,0,0,0,0,0,0,0,0,0,0,0,0,0,0,0,476,365,0,578,493,0,0,403,0,0,0,0,316,0,0,0,0,0,320,0,0,0,0,0,779,0,737,0,0,0,0,0,0,0,0,0,0,0,0,0,0,0,0,0,434,0,0,409,754,0,375,341,424,0,459,453,1004,0,0,0,0,0,379,0,0,0,0,0,0,0,0,767,0,0,0,0,354,0,0,0,0,0,0,0,317,0,0,0,0,0,0,0,0,414,0,832,0,462,0,0,0,0,0,0,0,0,0,341,318,0,971,0,952,0,560,0,0,0,0,317,475,944,0,0,401,0,0,0,0,0,0,0,461,0,0,0,0,0,0,0,0,0,0,0,0,0,0,0,0,0,0,1188,0,0,645,0,507,0,0,0,0,0,0,0,0,0,0,0,317,0,571,930,0,328,463,0,0,0,0,353,0,0,0,0,0,325,0,0,0,1125,444,0,0,490,383,0,401,0,0,0,0,0,0,0,0,1142,620,0,559,0,447,0,0,0,0,0
1991,0,0,0,0,312,0,0,0,0,492,0,0,379,367,297,0,0,0,0,394,0,394,0,0,313,0,0,0,465,0,891,0,364,0,0,0,290,0,0,0,452,0,0,0,1156,0,586,0,0,401,0,0,0,0,538,0,0,352,0,0,0,0,0,0,0,0,0,0,0,1031,0,0,451,0,0,0,0,0,0,0,0,0,0,0,0,0,297,0,0,1370,624,0,702,0,0,0,310,1096,534,0,0,0,0,0,0,0,0,0,0,0,0,0,0,577,0,0,0,0,0,0,0,0,2105,0,824,390,0,468,0,0,0,0,0,597,327,0,0,304,0,388,0,356,0,324,0,0,0,0,0,298,0,718,0,0,0,0,0,0,756,0,0,0,0,0,0,0,304,0,0,0,0,486,0,343,728,0,0,0,349,0,573,782,0,0,346,0,0,318,358,0,0,0,0,0,0,0,0,0,0,0,0,634,0,1000,0,0,0,0,0,0,0,348,0,331,0,0,0,0,0,0,0,302,0,0,438,781,0,381,441,343,0,342,487,723,0,0,0,0,0,0,0,0,0,0,0,0,0,0,835,0,293,0,0,308,0,0,0,0,0,0,0,339,0,0,0,0,0,0,409,0,484,0,553,0,400,0,0,0,0,0,0,0,0,0,525,0,0,534,0,514,0,361,0,0,0,0,0,0,672,0,605,0,0,0,0,0,378,0,0,371,0,0,0,0,0,0,0,0,0,0,0,0,0,0,0,0,0,436,654,0,0,526,0,946,0,0,0,449,0,0,0,0,0,0,0,379,0,329,776,0,0,0,0,0,0,0,309,0,0,0,0,0,0,0,376,435,598,0,0,0,392,0,0,390,0,305,0,0,0,285,0,0,855,428,0,398,0,429,0,0,0,0,0
1992,0,0,0,0,0,0,0,0,0,640,0,0,291,289,0,0,0,0,0,0,0,579,0,0,348,0,0,0,328,0,1199,0,0,0,0,0,0,276,287,0,649,0,0,0,873,0,537,0,0,570,0,0,0,0,488,0,0,0,0,0,0,0,0,0,0,0,0,0,0,295,0,0,0,0,0,312,0,0,350,0,0,0,0,0,339,0,291,0,0,1229,669,0,863,0,0,0,0,800,483,0,0,0,0,0,0,0,293,0,0,0,0,0,340,584,0,0,0,0,0,0,0,331,1962,0,820,0,0,497,0,0,0,0,0,373,0,0,0,421,0,0,283,0,0,280,0,0,0,0,479,0,0,444,0,0,0,0,0,0,638,0,0,0,0,0,0,286,0,0,0,0,0,0,0,0,0,0,0,295,333,406,365,585,0,0,0,0,0,0,0,322,0,0,0,0,0,0,0,0,0,0,0,846,0,763,0,0,0,0,0,0,0,0,326,0,0,0,0,0,0,0,0,344,278,0,648,644,0,317,458,492,0,413,355,667,0,0,0,0,279,275,0,0,323,0,0,0,0,0,862,0,0,0,0,0,0,314,0,0,0,0,0,0,0,0,0,0,0,0,366,0,411,0,698,0,438,0,0,0,0,0,0,0,287,0,300,0,298,408,0,777,0,300,0,0,0,381,0,465,832,0,0,0,0,0,283,0,345,0,0,0,0,0,0,0,0,0,0,0,0,0,0,0,0,0,0,0,353,354,794,0,0,395,0,311,0,0,0,0,0,0,0,0,0,0,408,434,0,0,597,0,0,318,317,0,0,0,303,0,0,283,0,0,0,0,314,351,785,0,0,0,0,340,0,314,0,0,0,0,0,0,0,290,918,0,0,350,290,362,0,0,0,0,0
1993,0,0,0,0,343,0,0,0,0,427,0,0,410,300,0,0,0,0,0,341,0,371,0,0,0,0,0,0,0,0,871,0,0,0,454,290,0,0,0,0,570,0,0,0,1444,322,650,0,0,354,0,0,0,0,581,311,0,0,0,0,0,0,0,0,536,0,0,0,0,1039,0,0,0,0,0,0,0,0,0,0,0,0,0,0,0,0,0,0,0,1139,579,319,675,0,0,0,0,795,445,0,0,399,0,0,0,0,0,0,275,0,0,0,0,666,0,0,0,0,0,0,0,0,2337,0,751,0,0,799,0,0,0,0,0,0,308,0,0,0,0,0,0,369,0,0,0,0,0,0,338,321,339,463,0,285,0,0,0,0,492,0,0,0,0,0,0,423,0,0,0,0,0,0,0,0,0,0,0,0,0,0,0,287,0,0,387,0,0,0,0,357,0,0,0,0,0,290,0,0,0,0,0,618,0,699,0,0,0,0,0,0,0,0,0,0,0,0,0,0,0,471,0,333,0,0,363,587,0,485,366,399,0,448,363,866,0,0,330,0,0,287,0,0,0,0,0,289,0,0,826,0,305,0,0,0,317,0,446,0,0,0,328,528,0,0,324,0,0,0,639,0,414,0,661,389,434,0,0,0,370,273,342,0,0,0,398,0,0,902,0,826,0,415,0,0,428,0,0,0,920,0,0,0,0,0,285,0,358,0,0,566,0,0,0,0,0,0,0,0,0,0,0,0,0,0,0,0,0,0,770,0,0,550,0,973,0,0,0,0,0,0,0,0,0,0,0,342,0,370,985,0,0,453,0,0,0,0,300,0,0,324,0,0,0,0,352,348,802,0,0,0,0,320,0,507,362,0,0,0,0,0,0,0,830,391,0,280,0,0,0,0,0,0,0
1994,0,338,0,0,569,318,0,0,0,401,0,0,343,320,0,0,0,0,0,0,0,817,0,0,0,0,0,0,422,0,933,0,0,0,328,0,0,375,0,0,438,0,0,0,691,0,542,0,0,622,0,0,0,0,436,0,0,296,431,0,0,0,0,314,0,0,0,0,301,565,0,0,0,0,462,398,0,0,0,0,307,0,0,0,0,316,339,0,0,1136,639,0,764,0,0,0,625,862,469,0,0,0,0,0,0,0,559,0,0,0,0,0,0,432,0,0,333,0,0,0,0,0,1833,0,790,295,0,405,0,0,328,0,0,0,318,0,0,0,0,317,0,0,0,355,0,0,0,0,0,0,460,815,0,0,0,0,0,0,579,0,0,0,0,0,0,317,0,0,0,0,0,0,0,0,354,0,297,360,0,0,452,505,0,0,321,0,0,0,0,385,0,0,0,0,0,0,0,0,0,0,0,653,0,792,0,387,0,0,0,0,0,0,0,0,0,0,0,0,0,0,0,0,0,0,314,461,0,415,453,487,0,581,402,1058,0,0,0,0,0,0,0,0,0,0,0,0,0,0,1046,0,296,0,0,308,0,288,0,0,0,0,0,0,0,0,0,0,0,0,0,0,342,0,789,0,488,0,0,0,0,0,0,0,0,0,0,0,0,601,0,883,0,0,0,0,0,0,0,353,699,343,0,0,0,0,0,0,349,0,0,0,0,0,0,0,0,0,0,0,0,0,0,0,0,0,0,0,364,338,806,0,0,402,0,723,0,0,0,802,0,0,0,0,0,293,0,526,0,421,1307,0,0,0,0,0,0,0,0,0,0,343,0,312,0,0,326,0,744,543,0,0,336,0,0,314,0,0,0,0,0,0,358,0,900,359,0,747,0,352,0,0,0,0,0
1995,0,0,323,0,919,0,306,0,0,516,0,0,488,360,532,0,358,0,0,0,0,867,0,0,0,0,0,0,416,674,1035,585,0,0,0,0,0,0,0,0,584,0,0,0,773,0,551,0,0,0,0,0,0,0,642,0,0,0,0,0,0,0,0,0,0,0,373,0,0,570,340,0,0,0,0,0,0,0,0,0,0,0,0,0,0,0,401,0,0,1634,340,0,817,0,0,0,757,855,615,0,0,0,0,0,0,0,0,0,502,0,0,362,0,366,0,0,0,0,0,0,0,0,2175,0,734,0,0,609,0,0,331,0,0,370,376,0,0,0,302,468,0,0,0,0,0,0,301,0,313,374,346,594,0,0,0,0,420,0,580,0,0,0,0,0,0,0,0,0,0,295,0,0,0,416,0,0,0,0,313,0,815,408,0,0,318,0,0,0,0,618,0,0,0,0,0,337,0,0,0,0,0,534,0,962,0,0,0,0,0,0,0,0,0,310,0,0,0,0,0,0,0,0,0,0,357,478,0,380,380,559,0,627,435,1032,0,0,0,0,0,0,0,0,0,0,0,0,0,0,849,0,0,0,0,486,0,0,334,0,0,0,0,0,0,0,0,0,0,0,338,337,436,0,981,0,370,0,0,0,0,0,0,0,0,0,363,0,304,369,0,1053,480,382,0,0,0,452,0,0,1013,0,344,0,0,0,527,0,0,0,0,309,0,0,305,0,0,0,0,0,0,0,0,0,0,0,0,0,0,0,1092,0,0,614,0,565,0,0,0,0,0,0,0,0,0,0,0,0,0,532,1566,0,0,367,386,0,0,0,0,0,0,0,0,0,0,0,499,416,763,0,0,0,0,355,0,0,359,0,0,0,0,0,0,0,1051,537,0,652,0,325,0,0,0,0,0
1996,0,0,0,0,585,0,0,0,0,600,0,0,546,350,369,0,0,0,0,0,0,619,0,328,0,0,0,0,0,0,655,0,0,0,0,0,0,688,0,0,674,0,366,0,946,0,743,0,0,575,0,0,0,0,552,530,0,0,0,0,0,0,0,832,371,0,0,0,403,823,0,0,0,0,0,371,0,0,391,0,0,0,0,0,0,0,376,0,0,1171,900,332,742,0,0,0,393,876,532,0,0,550,0,0,0,0,0,0,0,0,0,0,0,595,0,0,0,0,0,0,0,325,2641,0,866,0,0,474,0,0,0,0,0,0,519,0,0,344,0,441,0,0,0,0,0,0,0,0,0,455,518,695,0,0,0,0,0,0,657,0,0,0,0,0,0,0,0,0,0,0,0,0,0,0,0,0,0,0,322,0,585,563,0,0,450,0,0,337,0,0,0,0,0,0,0,369,0,0,0,0,0,671,0,915,0,325,0,0,0,0,0,318,0,0,0,0,0,0,0,387,0,463,0,0,339,938,0,428,423,455,0,509,394,839,0,0,0,0,0,0,0,0,0,0,316,0,0,0,1073,0,337,0,0,320,0,328,0,0,0,0,0,581,0,0,0,0,0,473,570,0,377,0,753,0,482,0,0,0,0,0,0,0,0,0,628,0,0,803,0,486,0,518,0,0,0,609,0,0,686,0,0,0,0,0,0,0,489,0,0,515,0,0,0,0,0,0,0,0,0,334,0,0,0,0,0,0,0,315,1027,0,0,722,0,553,0,0,0,317,0,0,0,0,0,0,0,519,0,0,1160,0,0,0,421,0,0,0,0,0,0,423,0,389,0,0,491,0,790,0,0,0,0,0,0,441,473,0,0,0,0,0,0,0,934,409,0,895,0,0,0,0,0,0,0
1997,0,0,0,0,779,318,0,0,0,423,0,0,0,309,444,0,0,0,0,0,0,726,0,0,355,0,0,0,0,0,782,0,0,0,0,0,0,359,484,0,397,0,0,0,734,337,700,0,0,685,0,0,0,0,558,309,0,635,0,0,0,329,0,430,388,0,0,0,0,486,0,0,0,0,0,418,0,0,459,0,0,568,0,0,0,0,0,0,0,1403,0,320,656,335,0,0,405,879,631,416,0,388,0,0,0,0,310,0,0,0,0,0,0,492,0,0,0,0,0,0,0,0,2791,0,730,0,0,0,0,0,0,0,0,661,0,0,0,582,0,378,0,0,0,0,0,0,0,0,0,0,415,590,0,307,0,0,0,0,550,0,0,0,0,0,0,351,0,0,0,320,0,0,0,0,0,0,0,0,328,0,585,497,0,0,311,0,0,0,0,0,0,0,0,0,0,0,0,0,0,0,0,709,0,846,0,0,0,0,0,0,0,329,0,308,0,0,0,0,0,551,0,337,0,0,447,0,0,0,476,406,0,455,394,873,0,0,0,0,0,0,0,0,0,0,0,0,0,0,842,0,625,0,0,0,0,0,0,0,0,0,310,458,0,0,0,0,0,0,0,0,334,0,713,333,438,0,486,0,0,0,411,0,0,0,337,0,0,782,0,462,453,0,0,0,451,0,0,478,821,0,417,358,0,0,0,0,496,0,0,382,0,0,0,0,0,0,0,0,0,0,0,0,0,0,0,0,332,358,661,0,0,906,0,729,0,0,0,0,0,0,0,0,0,0,0,328,0,349,1599,0,0,0,0,0,0,0,0,0,0,0,0,0,0,0,398,0,569,0,0,0,319,0,0,0,340,0,0,0,0,0,0,0,940,377,0,473,0,397,0,0,0,0,0
1998,0,0,0,0,588,0,0,292,283,337,0,0,315,301,321,0,0,0,292,341,0,567,0,0,456,0,0,0,338,0,321,0,0,0,311,0,0,328,0,268,269,0,0,0,584,0,418,0,0,683,0,0,0,582,667,0,0,305,0,0,0,0,0,422,300,0,0,0,0,774,0,0,392,0,0,279,0,0,0,0,271,0,0,0,0,0,311,0,0,1430,445,0,585,0,0,0,0,665,470,0,0,429,0,0,0,0,0,0,0,0,0,0,0,451,0,0,0,0,0,0,0,0,2337,0,992,0,315,0,0,0,0,0,0,0,318,0,0,303,0,0,0,0,0,0,0,427,0,0,0,0,0,723,0,0,0,0,0,0,375,0,0,0,0,0,275,0,0,0,0,0,0,0,270,0,0,0,0,0,0,0,367,1183,0,0,294,0,0,282,294,473,0,0,0,0,0,320,0,0,0,0,0,591,0,946,0,0,0,0,0,0,0,609,0,0,0,0,416,0,0,310,0,336,0,0,542,727,522,447,467,383,0,714,287,313,0,0,0,0,0,0,0,0,0,0,0,0,0,0,911,0,0,0,0,302,0,0,0,0,0,0,0,0,0,0,0,0,0,0,363,0,278,0,697,273,395,0,0,0,0,305,0,0,0,0,316,0,0,465,300,0,412,0,0,0,0,0,0,0,670,0,0,0,0,0,0,0,0,0,0,0,0,0,0,0,0,0,0,0,0,0,0,0,0,0,0,0,317,463,459,0,0,592,0,557,0,0,0,0,0,0,0,0,0,0,0,421,0,0,1288,0,0,0,0,0,0,366,0,0,0,334,0,283,0,0,391,320,726,0,0,0,0,0,0,0,0,313,0,0,0,0,0,0,864,439,0,492,0,396,0,0,0,0,0
1999,0,0,0,0,0,0,0,0,0,270,0,0,0,361,493,0,0,0,0,292,0,0,0,0,0,0,0,0,324,0,408,0,0,0,0,307,0,384,0,0,376,0,0,0,594,0,516,0,0,412,0,0,0,0,1070,0,0,0,0,0,0,0,0,422,0,0,0,0,0,891,0,0,0,0,0,0,0,0,591,0,0,0,0,0,0,0,336,0,0,1347,431,0,848,0,0,0,597,554,654,0,0,358,0,0,0,0,0,0,0,0,0,0,0,295,0,0,0,0,0,0,0,0,2307,0,740,296,367,0,0,0,640,0,0,0,363,0,0,277,0,294,0,0,272,0,0,0,0,0,316,0,273,595,0,0,0,0,0,0,565,0,0,0,0,0,0,0,0,0,0,282,0,0,0,386,0,0,0,0,360,0,517,350,0,0,284,0,0,364,322,497,0,0,0,0,0,361,0,0,0,0,0,491,0,1062,0,0,0,550,0,0,0,0,0,0,0,0,0,0,0,322,0,0,0,0,0,700,0,0,353,436,0,436,286,274,0,0,0,0,0,0,0,0,292,0,0,0,0,0,939,0,0,0,0,0,0,0,0,0,0,0,0,0,0,0,0,0,0,0,356,0,0,0,773,273,328,0,0,0,405,0,0,0,0,0,274,0,291,312,273,0,0,0,0,0,311,287,0,0,1018,0,0,0,0,0,0,0,464,0,0,0,0,0,274,0,0,0,0,0,0,0,0,0,0,0,0,0,275,306,998,0,0,552,0,824,0,0,0,0,0,0,0,0,0,300,0,372,0,569,700,0,0,0,0,0,0,336,295,0,0,333,0,0,0,0,304,429,513,473,0,0,0,0,0,318,0,0,0,0,373,0,0,0,1130,342,0,863,0,0,295,536,533,399,519
